Quantization,Accuracy Mean,Accuracy Std,Accuracy Max,F1 Mean,F1 Max,F2 Mean,F2 Max,Inference Time Mean,Inference Time Std
4bit,0.2647916666666667,0.13786347831272164,0.68,0.23112104641088063,0.6483035967148116,0.23112905871657563,0.6668131185372564,1.009686603496472,0.19096450250194155
8bit,0.19270833333333334,0.08409061939065227,0.455,0.16251611228342394,0.455,0.16036822854606375,0.455,0.8706812558074791,0.2983932675548845
